code_short,article_number,penalty_type,change_count,total_change,avg_change
КоАП,127,fine_mrp,2,3,1.5
КоАП,128,fine_mrp,1,-50,-50.0
КоАП,130,fine_mrp,1,-250,-250.0
КоАП,147-1,arrest_days,1,20,20.0
КоАП,147-1,fine_mrp,1,30,30.0
КоАП,177,fine_mrp,1,-20,-20.0
КоАП,179,fine_mrp,1,-20,-20.0
КоАП,202,fine_mrp,1,-100,-100.0
КоАП,211-1,fine_mrp,1,-70,-70.0
КоАП,213,fine_mrp,1,-100,-100.0
КоАП,222,fine_mrp,1,-200,-200.0
КоАП,228,fine_mrp,3,0,0.0
КоАП,230,fine_mrp,1,-200,-200.0
КоАП,238,fine_mrp,2,0,0.0
КоАП,239-1,fine_mrp,1,-75,-75.0
КоАП,245,fine_mrp,1,-25,-25.0
КоАП,247,fine_mrp,1,-20,-20.0
КоАП,260,fine_mrp,1,100,100.0
КоАП,262,fine_mrp,1,-250,-250.0
КоАП,275,fine_mrp,1,-150,-150.0
КоАП,317,fine_mrp,1,-20,-20.0
КоАП,323-1,fine_mrp,1,80,80.0
КоАП,342-1,fine_mrp,1,10,10.0
КоАП,370,fine_mrp,1,3,3.0
КоАП,372,fine_mrp,1,5,5.0
КоАП,380,fine_mrp,1,3,3.0
КоАП,409,fine_mrp,1,-5,-5.0
КоАП,424,fine_mrp,1,-120,-120.0
КоАП,434,arrest_days,1,-5,-5.0
КоАП,434,fine_mrp,2,10,5.0
КоАП,434-2,fine_mrp,1,5,5.0
КоАП,436,fine_mrp,1,10,10.0
КоАП,438,fine_mrp,1,30,30.0
КоАП,439,fine_mrp,1,-180,-180.0
КоАП,443-1,fine_mrp,1,3,3.0
КоАП,454,fine_mrp,1,10,10.0
КоАП,458,fine_mrp,1,-150,-150.0
КоАП,461,arrest_days,1,5,5.0
КоАП,465,fine_mrp,1,-30,-30.0
КоАП,485,fine_mrp,1,10,10.0
КоАП,490,fine_mrp,1,-50,-50.0
КоАП,492,fine_mrp,1,2,2.0
КоАП,496,fine_mrp,1,100,100.0
КоАП,498,fine_mrp,1,-10,-10.0
КоАП,499,fine_mrp,1,10,10.0
КоАП,501,fine_mrp,1,25,25.0
КоАП,502,fine_mrp,1,10,10.0
КоАП,503,fine_mrp,1,10,10.0
КоАП,519,fine_mrp,1,5,5.0
КоАП,570,fine_mrp,1,300,300.0
КоАП,573,fine_mrp,1,490,490.0
КоАП,576,fine_mrp,1,-5,-5.0
КоАП,592,fine_mrp,1,-5,-5.0
КоАП,594,fine_mrp,1,-7,-7.0
КоАП,597,fine_mrp,1,-5,-5.0
КоАП,598,fine_mrp,1,13,13.0
КоАП,601,fine_mrp,1,-2,-2.0
КоАП,602,fine_mrp,2,0,0.0
КоАП,607,fine_mrp,1,10,10.0
КоАП,610,fine_mrp,1,10,10.0
КоАП,613,arrest_days,1,-12,-12.0
КоАП,613,fine_mrp,2,20,10.0
КоАП,615,fine_mrp,1,-3,-3.0
КоАП,623,fine_mrp,1,-3,-3.0
КоАП,640,fine_mrp,1,-100,-100.0
КоАП,657,fine_mrp,1,-10,-10.0
КоАП,667,fine_mrp,1,10,10.0
КоАП,672,fine_mrp,1,-10,-10.0
КоАП,726,fine_mrp,1,15,15.0
КоАП,73,arrest_days,1,2,2.0
КоАП,75,fine_mrp,1,-10,-10.0
КоАП,91,fine_mrp,1,-200,-200.0
УК,105,imprisonment_years,2,2,1.0
УК,106,imprisonment_years,1,-2,-2.0
УК,111,arrest_days,1,-30,-30.0
УК,111,fine_mrp,1,-80,-80.0
УК,114,arrest_days,1,-25,-25.0
УК,114,fine_mrp,1,-20,-20.0
УК,115,arrest_days,1,-30,-30.0
УК,115,fine_mrp,1,-80,-80.0
УК,118,arrest_days,1,-10,-10.0
УК,120,imprisonment_years,1,3,3.0
УК,121,imprisonment_years,1,3,3.0
УК,122,imprisonment_years,1,-4,-4.0
УК,123,fine_mrp,1,2000,2000.0
УК,127,imprisonment_years,1,1,1.0
УК,128,imprisonment_years,1,2,2.0
УК,133,fine_mrp,1,1000,1000.0
УК,133,imprisonment_years,1,1,1.0
УК,134,imprisonment_years,1,1,1.0
УК,135,imprisonment_years,1,2,2.0
УК,137,arrest_days,1,-35,-35.0
УК,137,fine_mrp,1,-140,-140.0
УК,138,arrest_days,1,-10,-10.0
УК,140,arrest_days,2,-20,-10.0
УК,140,fine_mrp,3,800,266.6666666666667
УК,143,fine_mrp,1,1000,1000.0
УК,143,imprisonment_years,1,1,1.0
УК,144,arrest_days,1,5,5.0
УК,144,fine_mrp,1,100,100.0
УК,145,arrest_days,1,-35,-35.0
УК,145,fine_mrp,1,-140,-140.0
УК,146,fine_mrp,1,-3000,-3000.0
УК,146,imprisonment_years,1,3,3.0
УК,147,fine_mrp,1,1000,1000.0
УК,149,arrest_days,1,-25,-25.0
УК,149,fine_mrp,1,-100,-100.0
УК,152,arrest_days,1,-35,-35.0
УК,152,fine_mrp,1,-300,-300.0
УК,154,arrest_days,1,-35,-35.0
УК,154,fine_mrp,1,-140,-140.0
УК,155,arrest_days,1,-10,-10.0
УК,156,arrest_days,1,-20,-20.0
УК,156,fine_mrp,1,-40,-40.0
УК,159,fine_mrp,1,-20,-20.0
УК,172,imprisonment_years,1,2,2.0
УК,183,arrest_days,1,-40,-40.0
УК,183,fine_mrp,1,-300,-300.0
УК,186,fine_mrp,1,-300,-300.0
УК,187,arrest_days,1,-25,-25.0
УК,187,fine_mrp,1,-20,-20.0
УК,188,imprisonment_years,1,3,3.0
УК,189,imprisonment_years,1,-3,-3.0
УК,195,arrest_days,1,-35,-35.0
УК,195,fine_mrp,1,-140,-140.0
УК,195,imprisonment_years,1,5,5.0
УК,196,arrest_days,1,-35,-35.0
УК,196,fine_mrp,1,-140,-140.0
УК,197,arrest_days,1,-35,-35.0
УК,197,fine_mrp,1,-140,-140.0
УК,198,arrest_days,1,-35,-35.0
УК,198,fine_mrp,1,-20,-20.0
УК,199,arrest_days,1,-35,-35.0
УК,199,fine_mrp,1,-20,-20.0
УК,204,arrest_days,1,-25,-25.0
УК,204,fine_mrp,1,-20,-20.0
УК,205,arrest_days,1,-35,-35.0
УК,205,fine_mrp,1,-140,-140.0
УК,206,arrest_days,1,-40,-40.0
УК,206,fine_mrp,1,-300,-300.0
УК,208,arrest_days,1,-10,-10.0
УК,211,arrest_days,1,-10,-10.0
УК,213,arrest_days,1,-35,-35.0
УК,213,fine_mrp,1,-140,-140.0
УК,216,imprisonment_years,1,-3,-3.0
УК,218,fine_mrp,1,2000,2000.0
УК,222,arrest_days,2,-55,-27.5
УК,222,fine_mrp,2,-220,-110.0
УК,225,arrest_days,2,-50,-25.0
УК,225,fine_mrp,1,-300,-300.0
УК,226,arrest_days,1,-40,-40.0
УК,226,fine_mrp,1,-300,-300.0
УК,227,arrest_days,2,-50,-25.0
УК,227,fine_mrp,1,-300,-300.0
УК,228,arrest_days,1,-40,-40.0
УК,228,fine_mrp,1,-300,-300.0
УК,229,arrest_days,1,-40,-40.0
УК,229,fine_mrp,1,-300,-300.0
УК,230,arrest_days,1,-40,-40.0
УК,230,fine_mrp,1,-300,-300.0
УК,233,fine_mrp,1,-1000,-1000.0
УК,234,arrest_days,2,-70,-35.0
УК,234,fine_mrp,3,2500,833.3333333333334
УК,236,arrest_days,3,-50,-16.666666666666668
УК,236,fine_mrp,3,-340,-113.33333333333333
УК,239,arrest_days,2,-50,-25.0
УК,239,fine_mrp,1,-300,-300.0
УК,240,fine_mrp,1,-1000,-1000.0
УК,241,arrest_days,2,-70,-35.0
УК,241,fine_mrp,2,-420,-210.0
УК,242,arrest_days,2,-50,-25.0
УК,242,fine_mrp,1,-300,-300.0
УК,243,arrest_days,2,-50,-25.0
УК,244,fine_mrp,1,2500,2500.0
УК,245,imprisonment_years,1,-2,-2.0
УК,246,arrest_days,1,-40,-40.0
УК,246,fine_mrp,1,-300,-300.0
УК,247,arrest_days,2,-55,-27.5
УК,247,fine_mrp,2,-220,-110.0
УК,249,imprisonment_years,1,1,1.0
УК,256,imprisonment_years,1,2,2.0
УК,258,imprisonment_years,1,2,2.0
УК,276,arrest_days,1,-30,-30.0
УК,276,fine_mrp,1,-80,-80.0
УК,287,arrest_days,1,-10,-10.0
УК,288,arrest_days,1,-25,-25.0
УК,289,arrest_days,1,-25,-25.0
УК,289,fine_mrp,1,-100,-100.0
УК,294,arrest_days,2,-25,-12.5
УК,294,fine_mrp,2,-100,-50.0
УК,296,arrest_days,1,-25,-25.0
УК,296,fine_mrp,1,-20,-20.0
УК,297,imprisonment_years,1,-2,-2.0
УК,303,arrest_days,1,-35,-35.0
УК,303,fine_mrp,1,-140,-140.0
УК,306,arrest_days,1,-35,-35.0
УК,306,fine_mrp,1,-140,-140.0
УК,316,arrest_days,1,-30,-30.0
УК,316,fine_mrp,1,-80,-80.0
УК,317,arrest_days,2,-30,-15.0
УК,317,fine_mrp,1,-100,-100.0
УК,318,fine_mrp,1,2000,2000.0
УК,320,arrest_days,1,-25,-25.0
УК,320,fine_mrp,1,-100,-100.0
УК,321,arrest_days,1,-35,-35.0
УК,321,fine_mrp,1,-140,-140.0
УК,322,arrest_days,1,-25,-25.0
УК,322,fine_mrp,1,-100,-100.0
УК,325,arrest_days,1,-35,-35.0
УК,325,fine_mrp,1,-140,-140.0
УК,326,arrest_days,1,-35,-35.0
УК,326,fine_mrp,1,-140,-140.0
УК,328,arrest_days,1,-35,-35.0
УК,328,fine_mrp,1,-140,-140.0
УК,331,arrest_days,1,-40,-40.0
УК,334,arrest_days,1,-40,-40.0
УК,334,fine_mrp,2,2500,1250.0
УК,334,imprisonment_years,1,2,2.0
УК,335,arrest_days,1,-35,-35.0
УК,335,fine_mrp,2,2700,1350.0
УК,335,imprisonment_years,1,5,5.0
УК,336,arrest_days,1,-35,-35.0
УК,336,fine_mrp,1,-140,-140.0
УК,337,arrest_days,1,-35,-35.0
УК,337,fine_mrp,2,2700,1350.0
УК,337,imprisonment_years,1,3,3.0
УК,340,arrest_days,2,-20,-10.0
УК,340,fine_mrp,2,-40,-20.0
УК,340,imprisonment_years,1,5,5.0
УК,342,arrest_days,2,-10,-5.0
УК,342,fine_mrp,2,0,0.0
УК,343,arrest_days,1,-35,-35.0
УК,343,fine_mrp,2,2700,1350.0
УК,345,arrest_days,1,-35,-35.0
УК,345,fine_mrp,1,-140,-140.0
УК,345-1,imprisonment_years,1,-3,-3.0
УК,346,arrest_days,1,-40,-40.0
УК,346,fine_mrp,2,4500,2250.0
УК,346,imprisonment_years,1,-1,-1.0
УК,348,arrest_days,1,-40,-40.0
УК,348,fine_mrp,1,-300,-300.0
УК,349,arrest_days,1,-40,-40.0
УК,349,fine_mrp,1,-300,-300.0
УК,351,arrest_days,1,-35,-35.0
УК,351,fine_mrp,1,-140,-140.0
УК,353,arrest_days,1,-40,-40.0
УК,353,fine_mrp,1,-300,-300.0
УК,354,arrest_days,1,-35,-35.0
УК,354,fine_mrp,1,-140,-140.0
УК,356,arrest_days,1,-35,-35.0
УК,356,fine_mrp,1,-140,-140.0
УК,357,arrest_days,1,-30,-30.0
УК,358,arrest_days,1,-40,-40.0
УК,358,fine_mrp,1,-300,-300.0
УК,359,arrest_days,1,-40,-40.0
УК,359,fine_mrp,1,-300,-300.0
УК,362,imprisonment_years,1,2,2.0
УК,363,arrest_days,1,-35,-35.0
УК,363,fine_mrp,1,-140,-140.0
УК,365,fine_mrp,1,1000,1000.0
УК,367,imprisonment_years,1,2,2.0
УК,368,imprisonment_years,1,1,1.0
УК,372,fine_mrp,1,1000,1000.0
УК,376,arrest_days,1,-25,-25.0
УК,376,fine_mrp,1,-100,-100.0
УК,378,arrest_days,1,-25,-25.0
УК,378,fine_mrp,1,-20,-20.0
УК,379,fine_mrp,1,1900,1900.0
УК,380,fine_mrp,2,0,0.0
УК,381,arrest_days,1,-35,-35.0
УК,381,fine_mrp,1,-140,-140.0
УК,382,arrest_days,1,-35,-35.0
УК,382,fine_mrp,1,-140,-140.0
УК,383,arrest_days,1,-30,-30.0
УК,383,fine_mrp,1,-80,-80.0
УК,384,arrest_days,1,-25,-25.0
УК,384,fine_mrp,1,-20,-20.0
УК,385,arrest_days,1,-35,-35.0
УК,389,arrest_days,1,-25,-25.0
УК,389,fine_mrp,1,-20,-20.0
УК,390,arrest_days,1,-25,-25.0
УК,390,fine_mrp,1,-20,-20.0
УК,391,arrest_days,1,-30,-30.0
УК,391,fine_mrp,1,-80,-80.0
УК,392,fine_mrp,1,1000,1000.0
УК,392,imprisonment_years,1,2,2.0
УК,393,arrest_days,1,-35,-35.0
УК,393,fine_mrp,1,-140,-140.0
УК,394,fine_mrp,1,1000,1000.0
УК,394,imprisonment_years,1,3,3.0
УК,395,arrest_days,1,-40,-40.0
УК,395,fine_mrp,1,-300,-300.0
УК,397,arrest_days,1,-35,-35.0
УК,397,fine_mrp,1,-140,-140.0
УК,398,arrest_days,1,-30,-30.0
УК,398,fine_mrp,1,-20,-20.0
УК,400,arrest_days,1,-25,-25.0
УК,400,fine_mrp,1,-100,-100.0
УК,402,fine_mrp,1,-800,-800.0
УК,403,arrest_days,1,-35,-35.0
УК,403,fine_mrp,1,-140,-140.0
УК,406,arrest_days,1,-25,-25.0
УК,406,fine_mrp,1,-100,-100.0
УК,407,arrest_days,1,-35,-35.0
УК,409,fine_mrp,1,1000,1000.0
УК,41,fine_mrp,1,-305,-305.0
УК,410,arrest_days,1,-35,-35.0
УК,410,fine_mrp,1,-140,-140.0
УК,414,arrest_days,2,-15,-7.5
УК,414,fine_mrp,1,2000,2000.0
УК,414,imprisonment_years,1,2,2.0
УК,415,fine_mrp,1,1000,1000.0
УК,416,fine_mrp,1,1000,1000.0
УК,417,fine_mrp,1,1000,1000.0
УК,419,fine_mrp,2,-100,-50.0
УК,419,imprisonment_years,1,-2,-2.0
УК,428,imprisonment_years,1,-2,-2.0
УК,435,fine_mrp,1,1000,1000.0
УК,436,arrest_days,1,-25,-25.0
УК,436,fine_mrp,1,-20,-20.0
УК,437,arrest_days,2,-15,-7.5
УК,437,fine_mrp,2,20,10.0
УК,438,arrest_days,1,-40,-40.0
УК,438,fine_mrp,1,-300,-300.0
УК,438,imprisonment_years,1,-6,-6.0
УК,439,imprisonment_years,1,-6,-6.0
УК,440,arrest_days,1,-35,-35.0
УК,440,fine_mrp,1,-140,-140.0
УК,441,fine_mrp,1,1500,1500.0
УК,443,arrest_days,1,-40,-40.0
УК,443,fine_mrp,1,-300,-300.0
УК,445,imprisonment_years,1,2,2.0
УК,447,arrest_days,1,-40,-40.0
УК,447,fine_mrp,1,-300,-300.0
УК,448,arrest_days,1,-40,-40.0
УК,448,fine_mrp,1,-300,-300.0
УК,449,arrest_days,1,-25,-25.0
УК,449,fine_mrp,1,-20,-20.0
УК,45,arrest_days,1,-60,-60.0
УК,458,arrest_days,1,-40,-40.0
УК,458,fine_mrp,1,-300,-300.0
УК,459,fine_mrp,1,2000,2000.0
УК,459,imprisonment_years,1,-1,-1.0
УК,46,imprisonment_years,1,1,1.0
УК,460,arrest_days,1,-40,-40.0
УК,460,fine_mrp,2,1500,750.0
УК,463,arrest_days,1,-35,-35.0
УК,463,fine_mrp,1,-140,-140.0
УК,466,arrest_days,1,-40,-40.0
УК,466,fine_mrp,1,-300,-300.0
УК,58,arrest_days,1,360,360.0
УК,62,fine_mrp,1,-4,-4.0
УК,81,fine_mrp,1,-155,-155.0
