code_short,year,penalty_type,mean_value,median_value,count
КоАП,2014,arrest_days,12.344827586206897,10.0,87
КоАП,2014,confiscation,,,0
КоАП,2014,deportation,,,0
КоАП,2014,fine_mrp,80.5925925925926,25.0,972
КоАП,2014,fine_mrp_subject,58.188311688311686,15.0,924
КоАП,2014,license_revocation,,,0
КоАП,2014,suspension,,,0
КоАП,2014,warning,,,0
КоАП,2015,arrest_days,12.1,10.0,840
КоАП,2015,confiscation,,,0
КоАП,2015,deportation,,,0
КоАП,2015,fine_mrp,79.99145945945946,25.0,9250
КоАП,2015,fine_mrp_subject,58.00218039935736,15.0,8714
КоАП,2015,license_revocation,,,0
КоАП,2015,suspension,,,0
КоАП,2015,warning,,,0
КоАП,2016,arrest_days,12.1,10.0,840
КоАП,2016,confiscation,,,0
КоАП,2016,deportation,,,0
КоАП,2016,fine_mrp,82.45330248212032,25.0,9508
КоАП,2016,fine_mrp_subject,59.76702269692924,20.0,8988
КоАП,2016,license_revocation,,,0
КоАП,2016,suspension,,,0
КоАП,2016,warning,,,0
КоАП,2017,arrest_days,12.11111111111111,10.0,432
КоАП,2017,confiscation,,,0
КоАП,2017,deportation,,,0
КоАП,2017,fine_mrp,83.0845041322314,25.0,4840
КоАП,2017,fine_mrp_subject,59.57158638974812,20.0,4526
КоАП,2017,license_revocation,,,0
КоАП,2017,suspension,,,0
КоАП,2017,warning,,,0
КоАП,2018,arrest_days,12.125,10.0,480
КоАП,2018,confiscation,,,0
КоАП,2018,deportation,,,0
КоАП,2018,fine_mrp,76.67265506807867,20.0,5288
КоАП,2018,fine_mrp_subject,56.31048805815161,15.0,4815
КоАП,2018,license_revocation,,,0
КоАП,2018,suspension,,,0
КоАП,2018,warning,,,0
КоАП,2019,arrest_days,11.884344146685473,10.0,709
КоАП,2019,confiscation,,,0
КоАП,2019,deportation,,,0
КоАП,2019,fine_mrp,74.62891130074993,20.0,7734
КоАП,2019,fine_mrp_subject,56.4100382815823,15.0,7053
КоАП,2019,license_revocation,,,0
КоАП,2019,suspension,,,0
КоАП,2019,warning,,,0
КоАП,2020,arrest_days,11.66950354609929,10.0,705
КоАП,2020,confiscation,,,0
КоАП,2020,deportation,,,0
КоАП,2020,fine_mrp,77.34568421052631,25.0,7125
КоАП,2020,fine_mrp_subject,57.17434869739479,15.0,6487
КоАП,2020,license_revocation,,,0
КоАП,2020,suspension,,,0
КоАП,2020,warning,,,0
КоАП,2021,arrest_days,11.842105263157896,10.0,418
КоАП,2021,confiscation,,,0
КоАП,2021,deportation,,,0
КоАП,2021,fine_mrp,77.31582952815829,20.0,3942
КоАП,2021,fine_mrp_subject,57.43061396131203,15.0,3567
КоАП,2021,license_revocation,,,0
КоАП,2021,suspension,,,0
КоАП,2021,warning,,,0
КоАП,2022,arrest_days,11.75,10.0,384
КоАП,2022,confiscation,,,0
КоАП,2022,deportation,,,0
КоАП,2022,fine_mrp,77.72027972027972,20.0,3575
КоАП,2022,fine_mrp_subject,58.46118441239644,20.0,3259
КоАП,2022,license_revocation,,,0
КоАП,2022,suspension,,,0
КоАП,2022,warning,,,0
КоАП,2023,arrest_days,11.823609226594302,10.0,737
КоАП,2023,confiscation,,,0
КоАП,2023,deportation,,,0
КоАП,2023,fine_mrp,77.32442806694304,20.0,6513
КоАП,2023,fine_mrp_subject,58.51330734022716,20.0,5899
КоАП,2023,license_revocation,,,0
КоАП,2023,suspension,,,0
КоАП,2023,warning,,,0
КоАП,2024,arrest_days,11.995717344753748,10.0,934
КоАП,2024,confiscation,,,0
КоАП,2024,deportation,,,0
КоАП,2024,fine_mrp,77.30876017233126,25.0,8356
КоАП,2024,fine_mrp_subject,58.57613877118644,20.0,7552
КоАП,2024,license_revocation,,,0
КоАП,2024,suspension,,,0
КоАП,2024,warning,,,0
КоАП,2025,arrest_days,11.471512770137524,10.0,509
КоАП,2025,community_service_hours,26.666666666666668,20.0,24
КоАП,2025,confiscation,,,0
КоАП,2025,deportation,,,0
КоАП,2025,fine_mrp,77.38945795988049,25.0,4686
КоАП,2025,fine_mrp_subject,57.78773695296045,20.0,4273
КоАП,2025,license_revocation,,,0
КоАП,2025,suspension,,,0
КоАП,2025,warning,,,0
УК,2014,arrest_days,72.33050847457628,75.0,236
УК,2014,community_service_hours,220.1834862385321,240.0,218
УК,2014,confiscation,,,0
УК,2014,death_penalty_mention,,,0
УК,2014,deportation,,,0
УК,2014,deprivation_right,,,0
УК,2014,fine_mrp,1576.4191176470588,1000.0,544
УК,2014,imprisonment_years,8.245689655172415,7.0,464
УК,2014,life_imprisonment,,,0
УК,2014,restriction_freedom,2.869747899159664,2.0,476
УК,2014,warning,,,0
УК,2015,arrest_days,72.3076923076923,75.0,702
УК,2015,community_service_hours,220.1834862385321,240.0,654
УК,2015,confiscation,,,0
УК,2015,death_penalty_mention,,,0
УК,2015,deportation,,,0
УК,2015,deprivation_right,,,0
УК,2015,fine_mrp,1582.3014705882354,1000.0,1632
УК,2015,imprisonment_years,8.227793696275072,7.0,1396
УК,2015,life_imprisonment,,,0
УК,2015,restriction_freedom,2.869747899159664,2.0,1428
УК,2015,warning,,,0
УК,2016,arrest_days,72.3076923076923,75.0,819
УК,2016,community_service_hours,220.1834862385321,240.0,763
УК,2016,confiscation,,,0
УК,2016,death_penalty_mention,,,0
УК,2016,deportation,,,0
УК,2016,deprivation_right,,,0
УК,2016,fine_mrp,1585.9779411764705,1000.0,1904
УК,2016,imprisonment_years,8.236051502145923,7.0,1631
УК,2016,life_imprisonment,,,0
УК,2016,restriction_freedom,2.869747899159664,2.0,1666
УК,2016,warning,,,0
УК,2017,arrest_days,70.20196506550218,75.0,916
УК,2017,community_service_hours,212.67605633802816,240.0,852
УК,2017,confiscation,,,0
УК,2017,death_penalty_mention,,,0
УК,2017,deportation,,,0
УК,2017,deprivation_right,,,0
УК,2017,fine_mrp,1598.6062008329477,1000.0,2161
УК,2017,imprisonment_years,8.281652360515022,7.0,1864
УК,2017,life_imprisonment,,,0
УК,2017,restriction_freedom,2.874670879410216,2.0,1899
УК,2017,warning,,,0
УК,2018,arrest_days,56.529709228824274,50.0,791
УК,2018,community_service_hours,359.83425414364643,240.0,1086
УК,2018,confiscation,,,0
УК,2018,death_penalty_mention,,,0
УК,2018,deportation,,,0
УК,2018,deprivation_right,,,0
УК,2018,fine_mrp,1575.9399367755532,1000.0,1898
УК,2018,imprisonment_years,8.335439039797853,7.0,1583
УК,2018,life_imprisonment,,,0
УК,2018,restriction_freedom,2.8872901678657072,2.0,1668
УК,2018,warning,,,0
УК,2019,arrest_days,40.1651893634166,40.0,1241
УК,2019,community_service_hours,455.8997534921939,600.0,2434
УК,2019,confiscation,,,0
УК,2019,death_penalty_mention,,,0
УК,2019,deportation,,,0
УК,2019,deprivation_right,,,0
УК,2019,fine_mrp,1537.3539176626825,1000.0,3012
УК,2019,imprisonment_years,8.419274092615769,7.0,2397
УК,2019,life_imprisonment,,,0
УК,2019,restriction_freedom,2.8954545454545455,2.0,2640
УК,2019,warning,,,0
УК,2020,arrest_days,40.2085036794767,40.0,1223
УК,2020,community_service_hours,465.3636363636364,600.0,2420
УК,2020,confiscation,,,0
УК,2020,death_penalty_mention,,,0
УК,2020,deportation,,,0
УК,2020,deprivation_right,,,0
УК,2020,fine_mrp,1624.647349357919,1000.0,3037
УК,2020,imprisonment_years,8.509859154929577,7.0,2485
УК,2020,life_imprisonment,,,0
УК,2020,restriction_freedom,2.985327313769752,3.0,2658
УК,2020,warning,,,0
УК,2021,arrest_days,40.328425821064556,40.0,883
УК,2021,community_service_hours,471.05561861521,600.0,1762
УК,2021,confiscation,,,0
УК,2021,death_penalty_mention,,,0
УК,2021,deportation,,,0
УК,2021,deprivation_right,,,0
УК,2021,fine_mrp,1666.4418394950405,2000.0,2218
УК,2021,imprisonment_years,8.52,7.0,1850
УК,2021,life_imprisonment,,,0
УК,2021,restriction_freedom,3.0200411099691675,3.0,1946
УК,2021,suspension,,,0
УК,2021,warning,,,0
УК,2022,arrest_days,40.37203335471456,40.0,1559
УК,2022,community_service_hours,470.9055627425615,600.0,3092
УК,2022,confiscation,,,0
УК,2022,death_penalty_mention,,,0
УК,2022,deportation,,,0
УК,2022,deprivation_right,,,0
УК,2022,fine_mrp,1666.5685721609843,2000.0,3901
УК,2022,imprisonment_years,8.537042729787888,8.0,3253
УК,2022,life_imprisonment,,,0
УК,2022,restriction_freedom,3.0400115975645114,3.0,3449
УК,2022,suspension,,,0
УК,2022,warning,,,0
УК,2023,arrest_days,40.38202247191011,40.0,1335
УК,2023,community_service_hours,474.2803315749812,600.0,2654
УК,2023,confiscation,,,0
УК,2023,death_penalty_mention,,,0
УК,2023,deportation,,,0
УК,2023,deprivation_right,,,0
УК,2023,fine_mrp,1665.4423880597014,2000.0,3350
УК,2023,imprisonment_years,8.577264653641208,8.0,2815
УК,2023,life_imprisonment,,,0
УК,2023,restriction_freedom,3.07694881231181,3.0,2989
УК,2023,suspension,,,0
УК,2023,warning,,,0
УК,2024,arrest_days,40.46440677966102,40.0,1475
УК,2024,community_service_hours,469.8519793459553,600.0,2905
УК,2024,confiscation,,,0
УК,2024,death_penalty_mention,,,0
УК,2024,deportation,,,0
УК,2024,deprivation_right,,,0
УК,2024,fine_mrp,1640.2249724972498,2000.0,3636
УК,2024,imprisonment_years,8.525773195876289,7.0,3104
УК,2024,life_imprisonment,,,0
УК,2024,restriction_freedom,3.062015503875969,3.0,3225
УК,2024,suspension,,,0
УК,2024,warning,,,0
УК,2025,arrest_days,40.99027409372237,40.0,1131
УК,2025,community_service_hours,471.40813589628965,600.0,2237
УК,2025,confiscation,,,0
УК,2025,death_penalty_mention,,,0
УК,2025,deportation,,,0
УК,2025,deprivation_right,,,0
УК,2025,fine_mrp,1647.9470672389127,2000.0,2796
УК,2025,imprisonment_years,8.471173786810452,7.0,2411
УК,2025,life_imprisonment,,,0
УК,2025,restriction_freedom,3.054640417838489,3.0,2489
УК,2025,suspension,,,0
УК,2025,warning,,,0
